parameter,median,hpd_min,hpd_max
n_sr__694,216.8587368066398,172.35485367690254,270.26070325426446
n_sr__693,216.8587368066398,172.35485367690254,270.26070325426446
n_sr__692,380.08723285354876,302.0854975344779,473.68459468874994
n_sr__691,216.8587368066398,172.35485367690254,270.26070325426446
n_sr__690,307.6263640258411,244.49509270224618,383.3800690045826
n_sr__689,304.878369545733,242.311043336754,379.95537451604537
n_sr__688,304.878369545733,242.311043336754,379.95537451604537
n_sr__687,304.878369545733,242.311043336754,379.95537451604537
n_sr__686,337.8164883935633,268.4895812089547,421.004581454959
n_sr__685,366.20971524745636,291.0559326130085,456.38970621492234
n_sr__684,337.8164883935633,268.4895812089547,421.004581454959
n_sr__683,403.06216348790383,320.34549879627633,502.31715522974
n_sr__682,298.64698510006576,237.3584674334132,372.1894972111558
n_sr__681,374.28088169952554,297.47072932967785,466.4484161084665
n_sr__680,213.89597653325063,170.00011288610358,266.5683563981915
n_sr__679,318.9105290517005,253.4635144524483,397.4429858159313
n_sr__678,406.08015885223017,322.7441392987332,506.0783389458852
n_sr__677,406.08015885223017,322.7441392987332,506.0783389458852
n_sr__676,406.08015885223017,322.7441392987332,506.0783389458852
n_sr__675,507.9530006634917,403.7105739583887,633.0376041147626
n_sr__674,410.5780272059434,326.3189523469777,511.68381780424215
n_sr__673,410.5780272059434,326.3189523469777,511.68381780424215
n_sr__672,410.5780272059434,326.3189523469777,511.68381780424215
n_sr__671,360.79420860369623,286.75179956807693,449.64061851122636
n_sr__670,360.79420860369623,286.75179956807693,449.64061851122636
n_sr__669,290.6066660621189,230.96818760559802,362.1692309789417
n_sr__668,290.6066660621189,230.96818760559802,362.1692309789417
n_sr__667,286.91894260507195,228.0372610208558,357.5733970753375
n_sr__666,368.2917678357645,292.710705090658,458.9844690776713
n_sr__665,339.8492140475377,270.10514965602374,423.5378705114933
n_sr__664,390.3718044226551,310.259463010923,486.50176583834406
n_sr__663,390.3718044226551,310.259463010923,486.50176583834406
n_sr__662,302.4354556548306,240.36946573461586,376.910887418744
n_sr__661,302.4354556548306,240.36946573461586,376.910887418744
n_sr__660,315.5772542868152,250.81429638161276,393.28888441626844
n_sr__659,433.9495954082731,344.8941929714955,540.8106888334165
n_sr__658,318.48724729816104,253.12709884028664,396.9154699497466
n_sr__657,318.48724729816104,253.12709884028664,396.9154699497466
n_sr__656,368.4627481910446,292.8465967524369,459.19755374163793
n_sr__655,368.4627481910446,292.8465967524369,459.19755374163793
n_sr__654,410.5780272059434,326.3189523469777,511.68381780424215
n_sr__653,286.91894260507195,228.0372610208558,357.5733970753375
n_sr__652,433.9495954082731,344.8941929714955,540.8106888334165
n_sr__651,507.9530006634917,403.7105739583887,633.0376041147626
n_sr__650,318.9105290517005,253.4635144524483,397.4429858159313
n_sr__649,302.4354556548306,240.36946573461586,376.910887418744
n_sr__648,346.8158466495411,275.6420856375777,432.2200525349471
n_sr__647,360.79420860369623,286.75179956807693,449.64061851122636
n_sr__646,447.90689094529296,355.98716374791974,558.2050007385252
n_sr__645,447.90689094529296,355.98716374791974,558.2050007385252
n_sr__644,243.42444468146607,193.4687306689631,303.36827825180586
n_sr__643,243.42444468146607,193.4687306689631,303.36827825180586
n_sr__642,311.11773317972825,247.26996093449463,387.73119590287826
n_sr__641,311.11773317972825,247.26996093449463,387.73119590287826
n_sr__640,309.2239915065195,245.76485409031537,385.3711159544294
n_sr__639,271.215178780429,215.55623325121465,338.00254501983045
n_sr__638,271.215178780429,215.55623325121465,338.00254501983045
n_sr__637,309.2239915065195,245.76485409031537,385.3711159544294
n_sr__636,352.4858441145782,280.1484827411734,439.2863000143703
n_sr__635,352.4858441145782,280.1484827411734,439.2863000143703
n_sr__634,313.71798408808274,249.3365867547505,390.97176462276354
n_sr__633,365.2436873077525,290.28815352028084,455.185791656569
n_sr__632,399.0319677403853,317.1423822948085,497.2945144405526
n_sr__631,391.97755269282123,311.53567863507465,488.5029333409076
n_sr__630,391.97755269282123,311.53567863507465,488.5029333409076
n_sr__629,311.0090569640463,247.1835873185276,387.5957579172581
n_sr__628,200.73808555807472,159.54249237646664,250.17030428067542
n_sr__627,200.73808555807472,159.54249237646664,250.17030428067542
n_sr__626,204.59239507004452,162.6058181236482,254.97374644124355
n_sr__625,265.47507419038016,210.99411644985133,330.8489263734077
n_sr__624,373.8736268763306,297.1470515913742,465.9408738413616
n_sr__623,373.8736268763306,297.1470515913742,465.9408738413616
n_sr__622,361.24603111413603,287.11089878548233,450.2037033618331
n_sr__621,378.9080235389911,301.14828627954824,472.21500234799726
n_sr__620,271.0330741754128,215.41150026506133,337.77559673385286
n_sr__619,388.70863136202183,308.9376073470656,484.4290325575952
n_sr__618,259.7803261369429,206.468048088805,323.7518334158383
n_sr__617,294.2928574421436,233.8978965271053,366.7631555280068
n_sr__616,399.0319677403853,317.1423822948085,497.2945144405526
n_sr__615,204.59239507004452,162.6058181236482,254.97374644124355
n_sr__614,250.3020251725016,198.93488986844457,311.9394788756128
n_sr__613,404.48837638414665,321.4790234061851,504.09457635652893
n_sr__612,404.48837638414665,321.4790234061851,504.09457635652893
n_sr__611,306.0410801326692,243.23514174307587,381.4044052792686
n_sr__610,378.9080235389911,301.14828627954824,472.21500234799726
n_sr__609,378.9080235389911,301.14828627954824,472.21500234799726
n_sr__608,378.9080235389911,301.14828627954824,472.21500234799726
n_sr__607,388.70863136202183,308.9376073470656,484.4290325575952
n_sr__606,259.7803261369429,206.468048088805,323.7518334158383
n_sr__605,294.2928574421436,233.8978965271053,366.7631555280068
n_sr__604,345.3440527037974,274.47233414913575,430.3858259195965
n_sr__603,345.3440527037974,274.47233414913575,430.3858259195965
n_sr__602,311.0090569640463,247.1835873185276,387.5957579172581
n_sr__601,319.0978063361292,253.61235857756878,397.67638056561293
n_sr__600,319.0978063361292,253.61235857756878,397.67638056561293
n_sr__599,310.3856849742433,246.68814411125402,386.8188791304772
n_sr__598,495.4351983061517,393.76168268738843,617.4372639204495
n_sr__597,343.54756346346676,273.0445215338415,428.1469470409771
n_sr__596,357.68839150273095,284.2833601597012,445.7699867522927
n_sr__595,377.89737153506786,300.3450409004617,470.95547494620683
n_sr__594,324.024628465136,257.5280952439417,403.816444060409
n_sr__593,324.024628465136,257.5280952439417,403.816444060409
n_sr__592,194.35723830961297,154.4711265184985,242.21815861146527
n_sr__591,280.7384198365065,223.12510893001024,349.87090625339357
n_sr__590,377.89737153506786,300.3450409004617,470.95547494620683
n_sr__589,280.2638534649959,222.74793336066884,349.2794768132246
n_sr__588,273.97929161723573,217.7530931543462,341.44732704775305
n_sr__587,311.2804849841763,247.39931271369596,387.93402571630304
n_sr__586,311.2804849841763,247.39931271369596,387.93402571630304
n_sr__585,273.97929161723573,217.7530931543462,341.44732704775305
n_sr__584,368.90523500253244,293.1982761487618,459.749003955793
n_sr__583,368.90523500253244,293.1982761487618,459.749003955793
n_sr__582,323.1315082376177,256.81826169793595,402.70339090731
n_sr__581,201.40271221133634,160.0707239398314,250.99859678738764
n_sr__580,201.40271221133634,160.0707239398314,250.99859678738764
n_sr__579,292.81433455159305,232.72279701204172,364.9205429495982
n_sr__578,292.81433455159305,232.72279701204172,364.9205429495982
n_sr__577,292.81433455159305,232.72279701204172,364.9205429495982
n_sr__576,366.5934137618766,291.360888282689,456.86789137763174
n_sr__575,404.4292053212316,321.4319954651355,504.0208342822588
n_sr__574,367.43725766642547,292.0315580229833,457.91953379904606
n_sr__573,224.42847032915637,178.37112183772743,279.69450119742424
n_sr__572,364.1764681162924,289.439949706619,453.8557672662323
n_sr__571,303.31978022612304,241.07230867436746,378.0129789648901
n_sr__570,303.31978022612304,241.07230867436746,378.0129789648901
n_sr__569,392.1717679530293,311.69003692032476,488.7449745589809
n_sr__568,336.80237946939417,267.683588340918,419.7407458583017
n_sr__567,208.91237755934412,166.03925115380505,260.35753462887476
n_sr__566,337.91032694298315,268.56416215364095,421.1215279646178
n_sr__565,337.91032694298315,268.56416215364095,421.1215279646178
n_sr__564,337.91032694298315,268.56416215364095,421.1215279646178
n_sr__563,208.91237755934412,166.03925115380505,260.35753462887476
n_sr__562,199.66603500415962,158.69044869551948,248.8342587936838
n_sr__561,208.91237755934412,166.03925115380505,260.35753462887476
n_sr__560,208.91237755934412,166.03925115380505,260.35753462887476
n_sr__559,199.66603500415962,158.69044869551948,248.8342587936838
n_sr__558,296.51413754801433,235.66332416567045,369.5314310071387
n_sr__557,351.71511115605585,279.53592007366825,438.32577227885554
n_sr__556,296.51413754801433,235.66332416567045,369.5314310071387
n_sr__555,327.07990867847,259.9563689757981,407.62409410602714
n_sr__554,351.71511115605585,279.53592007366825,438.32577227885554
n_sr__553,296.51413754801433,235.66332416567045,369.5314310071387
n_sr__552,298.7160401735305,237.41335098229814,372.2755572564768
n_sr__551,271.16043796680276,215.5127263809744,337.93432415400235
n_sr__550,271.16043796680276,215.5127263809744,337.93432415400235
n_sr__549,293.015672266837,232.88281607773172,365.17146054376434
n_sr__548,286.94527451668785,228.05818908140068,357.60621328120544
n_sr__547,286.94527451668785,228.05818908140068,357.60621328120544
n_sr__546,305.9524971107183,243.16473778328418,381.2940084828961
n_sr__545,216.38695447337392,171.9798908037678,269.67274342820934
n_sr__544,305.9524971107183,243.16473778328418,381.2940084828961
n_sr__543,151.03243007676664,120.0374620348296,188.22451595825078
n_sr__542,151.03243007676664,120.0374620348296,188.22451595825078
n_sr__541,317.3935197430384,252.25782672563057,395.55240944976975
n_sr__540,260.47487212880014,207.02005892572683,324.61741296760493
n_sr__539,189.21056770157924,150.3806588129626,235.804108440245
n_sr__538,375.50838794416927,298.4463259890446,467.9781986102534
n_sr__537,375.50838794416927,298.4463259890446,467.9781986102534
n_sr__536,321.4987115380328,255.52054853965996,400.6685142369063
n_sr__535,321.4987115380328,255.52054853965996,400.6685142369063
n_sr__534,353.5792108041944,281.01746804736393,440.64891078487364
n_sr__533,255.50172140681238,203.0675012486725,318.4196123564529
n_sr__532,255.50172140681238,203.0675012486725,318.4196123564529
n_sr__531,255.50172140681238,203.0675012486725,318.4196123564529
n_sr__530,110.38794970807903,87.73406688517935,137.57123811664837
n_sr__529,110.38794970807903,87.73406688517935,137.57123811664837
n_sr__528,213.90788661722763,170.00957877533344,266.5831993679461
n_sr__527,213.90788661722763,170.00957877533344,266.5831993679461
n_sr__526,283.5773762831915,225.38145299144307,353.40896230355594
n_sr__525,291.7267537116487,231.85841017990063,363.56514280765555
n_sr__524,283.5727841329754,225.3778032451141,353.4032393257081
n_sr__523,199.00597377815043,158.16584563962303,248.01165596126404
n_sr__522,246.14061359909022,195.62748573344672,306.75331005935067
n_sr__521,55.18928901208008,43.86330923199449,68.7797793169241
n_sr__520,68.05226168147783,54.08653475165991,84.81028881247413
n_sr__519,70.64063673621186,56.14372188826768,88.03605722226592
n_sr__518,87.05448705019072,69.18911176187405,108.4918562105331
n_sr__517,70.31019875529444,55.881096592699826,87.6242481228507
n_sr__516,73.19836983341386,58.17655542868386,91.22363802147935
n_sr__515,73.8224051868454,58.67252586369477,92.00134352671942
n_sr__514,119.19815206090368,94.7362341012456,148.55097321401644
n_sr__513,75.44944751927791,59.96566556957886,94.02904880372537
n_sr__512,57.94941167498227,46.0569978271604,72.21958858137216
n_sr__511,336.5336690196177,267.47002281464654,419.4058648376071
n_sr__510,58.10721779002182,46.18241887437057,72.4162548179114
n_sr__509,71.63583215732211,56.93468269395714,89.27632182190942
n_sr__508,50.15767413237835,39.86428544757224,62.50911761374677
n_sr__507,69.7052912603479,55.400328585310156,86.870380755571
n_sr__506,59.71570130095118,47.46080841149644,74.42083112061421
n_sr__505,67.44939541019184,53.60738906675775,84.05896532491133
n_sr__504,57.077879039341376,45.36432165417103,71.1334390146735
n_sr__503,55.618481327783414,44.20442243712332,69.31466123490159
n_sr__502,61.84490074378634,49.15305223723636,77.074350860067
n_sr__501,56.09417105730702,44.58249082825643,69.90749066259724
n_sr__500,48.6447932868859,38.66187893817744,60.62368635437693
n_sr__499,89.6619035384549,71.2614326373305,111.74135505098499
n_sr__498,86.71962236463891,68.9229682127151,108.07453032020965
n_sr__497,85.6518041240941,68.07428828718953,106.74375936356293
n_sr__496,67.94125100651735,53.998305755581015,84.67194150156868
n_sr__495,69.52577291920053,55.25765110836642,86.64665560693294
n_sr__494,76.4374158672043,60.75088244648104,95.26030664666676
n_sr__493,68.86833127591157,54.73513004281578,85.82731743554842
n_sr__492,67.70426088798084,53.809950894694545,84.37659201718476
n_sr__491,71.58599624776096,56.89507414035793,89.21421370413817
n_sr__490,38.70743913516651,30.763874707514063,48.23923571577975
n_sr__489,73.83004194534105,58.678595401922585,92.01086085469066
n_sr__488,57.871309105024906,45.99492351456863,72.12225307258211
n_sr__487,52.50085458260976,41.726596966975364,65.42931167950782
n_sr__486,64.37595807837218,51.16468443142074,80.22868692830647
n_sr__485,70.59003456956752,56.103504329334385,87.97299415482917
n_sr__484,57.76131037906198,45.90749879469262,71.98516690545978
n_sr__483,82.86355308516171,65.8582438385946,103.26889504530767
n_sr__482,49.66580127767034,39.47335504214234,61.89611992879024
n_sr__481,83.06962339394768,66.02202427207389,103.52571064514203
n_sr__480,77.64416147717299,61.70997898136887,96.76421615938303
n_sr__479,84.15825971053727,66.88724997529496,104.88242617729956
n_sr__478,59.65812537901569,47.415048255615076,74.34907699448613
n_sr__477,54.060628357010025,42.966273009612884,67.37318336019015
n_sr__476,64.17532755963026,51.00522743093237,79.97865067941969
n_sr__475,66.50988267233893,52.86068370987555,82.88809539830622
n_sr__474,72.2787765140946,57.445681615032306,90.07759271637946
n_sr__473,55.85814857946701,44.394905028248544,69.61334710267359
n_sr__472,75.83421189889849,60.271468366948824,94.50856230341051
n_sr__471,69.66684952270823,55.36977588467407,86.82247265095968
n_sr__470,60.63627860640079,48.19246427704044,75.56810272070916
n_sr__469,83.39124298519656,66.27764089331589,103.92652980599865
n_sr__468,79.45275915323678,63.147415131780015,99.01818520409277
n_sr__467,131.71531603492886,104.68461799834691,164.15051782164417
n_sr__466,53.71727743738412,42.69338477654751,66.9452814809874
n_sr__465,60.2762942321432,47.90635611711669,75.11947136012833
n_sr__464,71.21716385083546,56.6019337544113,88.75455547480466
n_sr__463,59.46063373982889,47.25808597189209,74.10295258151838
n_sr__462,59.26574507130148,47.10319247559141,73.86007212676654
n_sr__461,71.9544471752666,57.18791134227326,89.67339652632323
n_sr__460,65.42866988636545,52.001358075759114,81.54063145838094
n_sr__459,64.00354113088993,50.868695118583716,79.76456144453542
n_sr__458,44.3258251851542,35.22925212234889,55.241162349602746
n_sr__457,84.17811430807842,66.903030000137,104.90717001549265
n_sr__456,68.24062691019864,54.23624355247683,85.04503941525077
n_sr__455,75.35277733618852,59.88883410082349,93.90857336404434
n_sr__454,61.495133706695526,48.87506460627205,76.63845287960606
n_sr__453,66.8843727944035,53.15832073913407,83.35480458070448
n_sr__452,87.42084793376496,69.48028783995699,108.94843431062554
n_sr__451,39.14277659807503,31.109871948965182,48.78177603770134
n_sr__450,61.53947421134685,48.91030552533151,76.6937123362744
n_sr__449,60.201297709283864,47.846750426730225,75.0260067697316
n_sr__448,69.61600450547512,55.329365313098954,86.7591069304139
n_sr__447,50.11079073255233,39.82702348784731,62.45068906807454
n_sr__446,58.12665168412424,46.19786453279189,72.4404743534691
n_sr__445,59.63542504697965,47.39700649965864,74.3207866530846
n_sr__444,70.6902633248695,56.18316407792775,88.09790447337615
n_sr__443,92.96459590348175,73.88634444718568,115.85734306395823
n_sr__442,62.19854941354711,49.43412490983058,77.51508633423747
n_sr__441,73.96082725256841,58.78254086809192,92.17385234688084
n_sr__440,139.76473396988766,111.08212944194202,174.1821235753435
n_sr__439,67.78087451898935,53.87084182930281,84.47207193235961
n_sr__438,72.8307442719759,57.88437421070496,90.7654838136687
n_sr__437,66.99199274560996,53.24385485786982,83.48892619427443
n_sr__436,66.12432162056146,52.55424773389791,82.40758904409948
n_sr__435,66.59268538200152,52.92649359661612,82.99128846709517
n_sr__434,76.60157921589672,60.88135609195017,95.46489560037698
n_sr__433,71.25214148789843,56.629733259318165,88.79814643604522
n_sr__432,57.45493297477874,45.66399634944767,71.6033433554285
n_sr__431,58.03776086841721,46.12721594486772,72.32969396841479
n_sr__430,50.21071015085688,39.90643738177181,62.57521387467167
n_sr__429,74.72402364504414,59.38911362826244,93.12498761949621
n_sr__428,39.18873038154199,31.146395068771092,48.839046046831974
n_sr__427,74.88103596471532,59.51390378327716,93.3206645867182
n_sr__426,57.78639535461632,45.92743581616025,72.01642911437172
n_sr__425,68.80509702197789,54.68487276130341,85.74851160005599
n_sr__424,50.96064763083113,40.50247223160604,63.50982519685828
n_sr__423,66.38641532958529,52.76255441101703,82.73422393629873
n_sr__422,53.407904303346925,42.44750138704825,66.55972449580852
n_sr__421,43.70157401341797,34.73311015939828,54.463187880300346
n_sr__420,74.99925399613575,59.60786103769762,93.46799408231288
n_sr__419,74.72722387046392,59.39165710145647,93.12897590784121
n_sr__418,87.99970875341302,69.94035448674694,109.66984094845873
n_sr__417,80.26700872756808,63.794563908476455,100.03294562289703
n_sr__416,65.20443849985766,51.8231435920799,81.26118257335257
n_sr__415,50.590764703208556,40.208496905517066,63.04885774120923
n_sr__414,74.14765131835318,58.93102478437689,92.40668227177723
n_sr__413,69.06352140801935,54.890263136155745,86.07057358998583
n_sr__412,76.86618264055245,61.09165743931811,95.79465823149803
n_sr__411,76.86618264055245,61.09165743931811,95.79465823149803
n_sr__410,69.6310333143169,55.341309900561775,86.77783661825801
n_sr__409,69.6310333143169,55.341309900561775,86.77783661825801
n_sr__408,96.33554419586518,76.56550466107271,120.05839518456345
n_sr__407,81.9638380616009,65.14316888463965,102.14762311235904
n_sr__406,81.9638380616009,65.14316888463965,102.14762311235904
n_sr__405,140.06077464726764,111.31741646972607,174.5510649555191
n_sr__404,78.54920428716721,62.42928835015381,97.89212785851988
n_sr__403,55.02790182952221,43.73504202614108,68.57865016669207
n_sr__402,44.96745770577781,35.73920842309517,56.04079836523241
n_sr__401,81.22272101391323,64.55414433256196,101.22400427434846
n_sr__400,80.06766355260042,63.63612847272371,99.78451123666733
n_sr__399,77.27860598836274,61.41944301444189,96.30864178438145
n_sr__398,61.721744803344905,49.05517043451631,76.92086748391269
n_sr__397,55.33462036985527,43.978815599286236,68.96089885831591
n_sr__396,62.83905348579167,49.94318434306708,78.31331601845987
n_sr__395,49.88783838662397,39.64982555925443,62.1728341903321
n_sr__394,67.02507105140583,53.2701448134385,83.53015010952217
n_sr__393,56.471650354767256,44.88250359250042,70.37792511175893
n_sr__392,80.64439603788486,64.09450356323505,100.503265432868
n_sr__391,55.73160107421842,44.294327679733655,69.45563698101934
n_sr__390,75.26374426789931,59.8180724534794,93.79761569637986
n_sr__389,82.41062080109238,65.49826259598541,102.70442713674336
n_sr__388,74.09408490565013,58.88845130378125,92.33992500582099
n_sr__387,85.56449166197372,68.0048941421598,106.63494600532339
n_sr__386,59.32250567423921,47.14830463274037,73.93081015970438
n_sr__385,40.713558049302904,32.35829666623248,50.73936606113728
n_sr__384,53.64053585100726,42.63239214565014,66.84964210113824
n_sr__383,69.279952291316,55.0622779406827,86.34030107981182
n_sr__382,79.34802909339211,63.06417783912624,98.88766512432898
n_sr__381,69.35267462247256,55.120076150384115,86.43093145352923
n_sr__380,45.87117608266141,36.45746515974572,57.16705948653617
n_sr__379,43.42817998789947,34.51582222367452,54.12246994248435
n_sr__378,86.64549711381866,68.86405499138488,107.98215155461054
n_sr__377,52.72509037907873,41.904814955600806,65.70876606046052
n_sr__376,79.0480407324569,62.825753273830244,98.513803934375
n_sr__375,73.10762727926857,58.1044351172208,91.1105499031055
n_sr__374,63.79171898533875,50.7003432438121,79.50057760480415
n_sr__373,80.21078404745089,63.74987769173771,99.9628754850161
n_sr__372,89.44873938755885,71.09201416437496,111.47569873398298
n_sr__371,66.60175483971531,52.93370181464877,83.00259129978689
n_sr__370,52.56048191302649,41.773987540029765,65.5036223782092
n_sr__369,78.09541501721785,62.06862599283313,97.3265919293168
n_sr__368,49.807822315118614,39.58623043507734,62.07311397580388
n_sr__367,68.65024767031892,54.561801688677264,85.55553023673129
n_sr__366,55.38043446402136,44.01522769691537,69.01799477933163
n_sr__365,59.921871644200024,47.62466835030468,74.67777138862972
n_sr__364,71.1024380654386,56.510752065141034,88.61157819890916
n_sr__363,62.3903879772097,49.58659424565971,77.75416558873376
n_sr__362,97.10269841521199,77.17522302045352,121.01446290808808
n_sr__361,74.34772285488006,59.09003751732364,92.65602188778323
n_sr__360,63.39852621178706,50.387841732689026,79.01056019965195
n_sr__359,130.48049819583326,103.7032102344314,162.61162322832905
n_sr__358,53.562082224166154,42.570038820283884,66.75186908689336
n_sr__357,68.50813630034402,54.44885450131221,85.37842361259703
n_sr__356,61.4056785688564,48.80396750675026,76.52696920678699
n_sr__355,52.967769692830956,42.097691471567366,66.01120571756512
n_sr__354,43.9712764220769,34.94746407414126,54.79930513205085
n_sr__353,63.99267131412377,50.86005601228892,79.75101491020287
n_sr__352,50.29982015447611,39.97726017573022,62.68626742316943
n_sr__351,81.04067937295014,64.40946138894013,100.99713445746802
n_sr__350,92.54948347845875,73.55642164892603,115.3400082423673
n_sr__349,57.71718839594194,45.87243155204161,71.93017978175617
n_sr__348,74.59594859199706,59.28732221624626,92.96537378785844
n_sr__347,39.544573581608944,31.429211908814516,49.28251645948173
n_sr__346,47.19971880446461,37.51336352838777,58.82275893210666
n_sr__345,65.2079023577272,51.82589659491048,81.265499414249
n_sr__344,57.129510508966305,45.40535728189519,71.19778485333494
n_sr__343,58.749869845855116,46.69318548068474,73.2171614316586
n_sr__342,72.9063515183298,57.94446529153542,90.8597095196357
n_sr__341,68.32010816650356,54.299413616557324,85.14409311509617
n_sr__340,359.57470666558515,285.7825645665411,448.12081139500333
n_sr__339,295.27341529379646,234.67722369432965,367.9851780227956
n_sr__338,356.12593152788185,283.04154918032043,443.82276738807644
n_sr__337,260.48926951860176,207.0315016743526,324.63535574800716
n_sr__336,260.48926951860176,207.0315016743526,324.63535574800716
n_sr__335,198.67135867547364,157.89990045378823,247.59464111417688
n_sr__334,346.1002331700867,275.0733307958,431.32821757794466
n_sr__333,346.1002331700867,275.0733307958,431.32821757794466
n_sr__332,346.1002331700867,275.0733307958,431.32821757794466
n_sr__331,261.8535298405843,208.11578765533278,326.33556833556656
n_sr__330,279.316381775673,221.99490239322455,348.0986880249074
n_sr__329,227.0263261673067,180.43584410555712,282.93208505551775
n_sr__328,227.0263261673067,180.43584410555712,282.93208505551775
n_sr__327,200.59681008377783,159.4302095417553,249.9942393934669
n_sr__326,601.1770352841206,477.8031149498801,749.2182732811417
n_sr__325,428.9448183133612,340.9164993051887,534.5734737817224
n_sr__324,428.9448183133612,340.9164993051887,534.5734737817224
n_sr__323,379.01251972126596,301.23133769113065,472.34523095729776
n_sr__322,379.01251972126596,301.23133769113065,472.34523095729776
n_sr__321,302.18935039618964,240.17386634827432,376.60417816988314
n_sr__320,272.25809007700053,216.38511765110323,339.30227563983556
n_sr__319,316.81832083882585,251.80067049374188,394.8355664825336
n_sr__318,293.49113501347995,233.2607040675503,365.76400709351907
n_sr__317,293.49113501347995,233.2607040675503,365.76400709351907
n_sr__316,386.20079990799604,306.9444346039709,481.3036417968231
n_sr__315,386.20079990799604,306.9444346039709,481.3036417968231
n_sr__314,439.39433126973324,349.2215567961224,547.5962035174017
n_sr__313,296.65335037473415,235.7739676506071,369.70492531502475
n_sr__312,296.65335037473415,235.7739676506071,369.70492531502475
n_sr__311,272.25809007700053,216.38511765110323,339.30227563983556
n_sr__310,316.81832083882585,251.80067049374188,394.8355664825336
n_sr__309,316.81832083882585,251.80067049374188,394.8355664825336
n_sr__308,293.49113501347995,233.2607040675503,365.76400709351907
n_sr__307,293.49113501347995,233.2607040675503,365.76400709351907
n_sr__306,340.6422780851845,270.73546060488303,424.5262284061129
n_sr__305,220.11992822777526,174.94678139205544,274.32497061974635
n_sr__304,294.62131877069817,234.15895082012202,367.17250121983454
n_sr__303,311.12996021482627,247.2796787299418,387.74643387370185
n_sr__302,294.62131877069817,234.15895082012202,367.17250121983454
n_sr__301,411.64730066649815,327.1687888513693,513.0164023321985
n_sr__300,302.75763449445316,240.6255268349369,377.31240354418225
n_sr__299,341.782488225609,271.6416761201427,425.94721793573245
n_sr__298,213.64896625932437,169.80379421226937,266.2605192719343
n_sr__297,248.79667221936793,197.73846637271615,310.06342926953886
n_sr__296,302.75763449445316,240.6255268349369,377.31240354418225
n_sr__295,302.75763449445316,240.6255268349369,377.31240354418225
n_sr__294,302.75763449445316,240.6255268349369,377.31240354418225
n_sr__293,252.19591049755917,200.44011088415203,314.2997378505112
n_sr__292,421.19579376020044,334.75773432912223,524.9162339761659
n_sr__291,421.19579376020044,334.75773432912223,524.9162339761659
n_sr__290,399.74633401260235,317.7101458819839,498.1847950626454
n_sr__289,411.64730066649815,327.1687888513693,513.0164023321985
n_sr__288,399.74633401260235,317.7101458819839,498.1847950626454
n_sr__287,217.8921899869173,173.17622096093075,271.5486466749217
n_sr__286,394.8388497047266,313.8097785172151,492.0688313722439
n_sr__285,375.76207602882255,298.647952049188,468.29435797360316
n_sr__284,379.1134129621418,301.31152555916043,472.470969392531
n_sr__283,237.95282367324631,189.1199990839034,296.5492578913727
n_sr__282,325.1405023987103,258.4149688436646,405.2071045358492
n_sr__281,288.3211868924315,229.15173587451417,359.32094726776506
n_sr__280,304.2614930844802,241.82076264167304,379.1865907967718
n_sr__279,283.007576023089,224.92858749060505,352.6988474090517
n_sr__278,222.62727467838494,176.93956866443293,277.4497569438872
n_sr__277,222.62727467838494,176.93956866443293,277.4497569438872
n_sr__276,344.50510337815876,273.80555451926216,429.34028337849077
n_sr__275,372.38534475916697,295.9641956441757,464.0860988041722
n_sr__274,372.38534475916697,295.9641956441757,464.0860988041722
n_sr__273,307.9035324081808,244.71538041896665,383.72549074333307
n_sr__272,307.9035324081808,244.71538041896665,383.72549074333307
n_sr__271,287.9507549031864,228.85732416556598,358.85929554279664
n_sr__270,300.03602220644746,238.46244549188393,373.9205879236859
n_sr__269,418.00098721931545,332.2185679483311,520.9346989215244
n_sr__268,421.5389957521851,335.0305041975684,525.3439502539507
n_sr__267,300.03602220644746,238.46244549188393,373.9205879236859
n_sr__266,300.03602220644746,238.46244549188393,373.9205879236859
n_sr__265,418.00098721931545,332.2185679483311,520.9346989215244
n_sr__264,287.9507549031864,228.85732416556598,358.85929554279664
n_sr__263,268.0761291145235,213.06138128528218,334.090497099833
n_sr__262,223.3196234353614,177.48983318436538,278.3125981865922
n_sr__261,397.49452488669226,315.92045440761825,495.37847272154715
n_sr__260,386.5867646497222,307.25119142439803,481.7846512505638
n_sr__259,309.37650710815274,245.88607034652904,385.56118887637666
n_sr__258,309.37650710815274,245.88607034652904,385.56118887637666
n_sr__257,127.47023454833948,101.31071474113105,158.86007518220254
n_sr__256,397.49452488669226,315.92045440761825,495.37847272154715
n_sr__255,245.08363558015014,194.7874213925917,305.436048753998
n_sr__254,267.8288458223799,212.8648456221968,333.7823197239897
n_sr__253,189.88462228421918,150.91638350024942,236.64415052579145
n_sr__252,468.45158486788273,372.31566296823013,583.8088731460894
n_sr__251,206.39622741431003,164.03946688657888,257.2217766801574
n_sr__250,183.1066657297672,145.52940335191167,228.19710646380204
n_sr__249,197.72614113806378,157.14866103981723,246.4166615679047
n_sr__248,333.0157694929993,264.6740687890497,415.0216744008185
n_sr__247,117.86832178053766,93.67931240759962,146.89366914560347
n_sr__246,100.68510450004851,80.02244552878061,125.4790447925318
n_sr__245,100.68510450004851,80.02244552878061,125.4790447925318
n_sr__244,83.0601749341966,66.01451483103475,103.51393548028308
n_sr__243,129.5344757035755,102.95133105894062,161.4326405052124
n_sr__242,166.20723642117287,132.09808530313495,207.13615352830294
n_sr__241,149.31328576797813,118.67112157673259,186.08202837979078
n_sr__240,100.58397550899896,79.94207029137259,125.35301255309837
n_sr__239,149.31328576797813,118.67112157673259,186.08202837979078
n_sr__238,114.19621657733333,90.76079888905599,142.31729952704143
n_sr__237,114.19621657733333,90.76079888905599,142.31729952704143
n_sr__236,166.20723642117287,132.09808530313495,207.13615352830294
n_sr__235,163.18742303683058,129.6979998758462,203.37270410050016
n_sr__234,110.7273015566301,88.00377673899149,137.99415614425737
n_sr__233,102.15766206497533,81.19280392600801,127.31422307005889
n_sr__232,177.5863502861544,141.14197043339115,221.31740055042482
n_sr__231,95.59496878222086,75.9769105885674,119.13545135923448
n_sr__230,128.07240778860864,101.78930961926721,159.61053497825472
n_sr__229,128.07240778860864,101.78930961926721,159.61053497825472
n_sr__228,98.68300850348585,78.43122090202117,122.98392801752252
n_sr__227,98.68300850348585,78.43122090202117,122.98392801752252
n_sr__226,173.23820781547,137.68615643052087,215.89851792073986
n_sr__225,122.0495062502352,97.00243163296622,152.10447997968035
n_sr__224,378.087771070534,300.49636652634456,471.1927608084788
n_sr__223,378.6091714411151,300.9107647927087,471.8425572285139
n_sr__222,378.6091714411151,300.9107647927087,471.8425572285139
n_sr__221,507.9852230715026,403.7361836640414,633.0777613654126
n_sr__220,644.7893530384101,512.4652860744561,803.5702253416767
n_sr__219,644.7893530384101,512.4652860744561,803.5702253416767
n_sr__218,348.3296599830819,276.845233269251,434.10664590970805
n_sr__217,348.3296599830819,276.845233269251,434.10664590970805
n_sr__216,431.6647617769516,343.0782543009976,537.9632096259243
n_sr__215,443.02508997850293,352.10720897320823,552.1210449714657
n_sr__214,540.7241023470749,429.756370031346,673.878665525718
n_sr__213,481.2477630693925,382.4858016217227,599.7561398812567
n_sr__212,540.7241023470749,429.756370031346,673.878665525718
n_sr__211,510.53314569120374,405.76122003917357,636.2531158343076
n_sr__210,501.65285868097396,398.70335098213036,625.1860375702468
n_sr__209,436.89517663850177,347.2352802129201,544.481626267143
n_sr__208,574.5692615250805,456.65580486019456,716.0582735779229
n_sr__207,484.9021080513188,385.3901996825047,604.3103757828966
n_sr__206,487.7426199721158,387.6477800026972,607.8503703462756
n_sr__205,478.0199118738732,379.92037203061244,595.7334228492055
n_sr__204,718.4122873648128,570.9792766101734,895.322977846352
n_sr__203,718.4122873648128,570.9792766101734,895.322977846352
n_sr__202,440.1402836956554,349.81442440714414,548.5258484567416
n_sr__201,440.1402836956554,349.81442440714414,548.5258484567416
n_sr__200,606.9313627355879,482.3765357883078,756.3896172015644
n_sr__199,534.1910819641084,424.5640601029783,665.7368737350131
n_sr__198,534.1910819641084,424.5640601029783,665.7368737350131
n_sr__197,534.1910819641084,424.5640601029783,665.7368737350131
n_sr__196,664.0956541688587,527.8095362318645,827.6307478624088
n_sr__195,664.0956541688587,527.8095362318645,827.6307478624088
n_sr__194,532.6456106116348,423.3357513304572,663.8108264807986
n_sr__193,399.22362359229317,317.29470641510136,497.53336599010106
n_sr__192,472.45598795231257,375.4982799927664,588.7993697691354
n_sr__191,622.1532310951136,494.4745629760915,775.3599059170123
n_sr__190,349.0705257185515,277.4340580835583,435.0299515492844
n_sr__189,360.0878400112347,286.19039237190657,448.760305016061
n_sr__188,360.0878400112347,286.19039237190657,448.760305016061
n_sr__187,536.9839386205213,426.78376500140627,669.2174778147255
n_sr__186,400.078393010425,317.9740595283723,498.598624358135
n_sr__185,742.3472054292954,590.0022560922075,925.1519249466389
n_sr__184,400.078393010425,317.9740595283723,498.598624358135
n_sr__183,486.89051750980025,386.97054653093215,606.7884356781074
n_sr__182,486.89051750980025,386.97054653093215,606.7884356781074
n_sr__181,486.89051750980025,386.97054653093215,606.7884356781074
n_sr__180,492.6087960869756,391.51531646718615,613.9148536054108
n_sr__179,619.7108405586094,492.53340132524045,772.3160710513422
n_sr__178,619.7108405586094,492.53340132524045,772.3160710513422
n_sr__177,558.2591022453232,443.69282648309525,695.7316997813291
n_sr__176,695.066071792123,552.4241857330732,866.2277025906143
n_sr__175,558.2591022453232,443.69282648309525,695.7316997813291
n_sr__174,459.75887473399933,365.40687614578786,572.975562998832
n_sr__173,441.793490781848,351.12835931995517,550.5861616187505
n_sr__172,671.7564541221989,533.8981821146599,837.1780375560032
n_sr__171,549.5930384935795,436.80521765588765,684.9315977495587
n_sr__170,441.793490781848,351.12835931995517,550.5861616187505
n_sr__169,500.5170689387843,397.8006487082655,623.7705569721704
n_sr__168,445.45247754249067,354.03644657077507,555.1461823478718
n_sr__167,605.758844643744,481.44464257925785,754.928363812624
n_sr__166,466.9188901247137,371.09750878140665,581.898748770827
n_sr__165,465.2874624649945,369.8008837077946,579.8655782695283
n_sr__164,741.6120899581676,589.4180014694629,924.2357855873231
n_sr__163,741.6120899581676,589.4180014694629,924.2357855873231
n_sr__162,741.6120899581676,589.4180014694629,924.2357855873231
n_sr__161,692.1758881317057,550.1271273381662,862.6258045066332
n_sr__160,666.6783935139409,529.8622442226159,830.8494927559879
n_sr__159,601.6850102191362,478.2068429568093,749.8513382209934
n_sr__158,463.21533991027616,368.15400341614395,577.2831907341507
n_sr__157,463.21533991027616,368.15400341614395,577.2831907341507
n_sr__156,462.6170425858047,367.6784890359855,576.5375613071427
n_sr__155,448.75479084449375,356.661057109153,559.2616979526732
n_sr__154,495.0685796179933,393.47030171153637,616.9803645307966
n_sr__153,542.7571190852045,431.3721698261012,676.4123173465553
n_sr__152,495.0685796179933,393.47030171153637,616.9803645307966
n_sr__151,542.7571190852045,431.3721698261012,676.4123173465553
n_sr__150,511.6866820984815,406.67802699661985,637.6907132548729
n_sr__149,453.1965619489939,360.19128522011454,564.797265484209
n_sr__148,235.40732312968527,187.09688772495855,293.37692194047986
n_sr__147,235.40732312968527,187.09688772495855,293.37692194047986
n_sr__146,504.22809456398636,400.75009537590535,628.3954312568343
n_sr__145,504.22809456398636,400.75009537590535,628.3954312568343
n_sr__144,504.22809456398636,400.75009537590535,628.3954312568343
n_sr__143,504.22809456398636,400.75009537590535,628.3954312568343
n_sr__142,504.22809456398636,400.75009537590535,628.3954312568343
n_sr__141,504.22809456398636,400.75009537590535,628.3954312568343
n_sr__140,518.0364392724858,411.72468310430156,645.604112846748
n_sr__139,518.0364392724858,411.72468310430156,645.604112846748
n_sr__138,518.0364392724858,411.72468310430156,645.604112846748
n_sr__137,518.0364392724858,411.72468310430156,645.604112846748
n_sr__136,328.8136722739788,261.33432854161765,409.7848010044383
n_sr__135,328.8136722739788,261.33432854161765,409.7848010044383
n_sr__134,328.8136722739788,261.33432854161765,409.7848010044383
n_sr__133,328.8136722739788,261.33432854161765,409.7848010044383
n_sr__132,315.79731979885236,250.98919991413823,393.5631415705845
n_sr__131,106.6347726879032,84.7511191577253,132.8938325583245
n_sr__130,106.6347726879032,84.7511191577253,132.8938325583245
n_sr__129,200.43801963739725,159.30400616828632,249.79634643171295
n_sr__128,200.43801963739725,159.30400616828632,249.79634643171295
n_sr__127,279.35563953632004,222.0261036521253,348.14761310008254
n_sr__126,143.0628629918644,113.70341440080996,178.29242451146627
n_sr__125,220.79633589259507,175.48437626055227,275.1679452394121
n_sr__124,297.17677981934264,236.18997858318073,370.3572504732682
n_sr__123,270.9545838506456,215.34911777293985,337.6777779847325
n_sr__122,270.9545838506456,215.34911777293985,337.6777779847325
n_sr__121,231.31972307261367,183.84814746159321,288.2827408974935
n_sr__120,231.31972307261367,183.84814746159321,288.2827408974935
n_sr__119,386.27557093587995,307.0038610755992,481.3968253635842
n_sr__118,386.27557093587995,307.0038610755992,481.3968253635842
n_sr__117,371.14026246302967,294.9746299013954,462.53441210748383
n_sr__116,270.9545838506456,215.34911777293985,337.6777779847325
n_sr__115,110.30064067102987,87.66467546232558,137.46242902691176
n_sr__114,306.96308155766224,243.96792946947608,382.5534516916445
n_sr__113,324.82406789725326,258.1634732249035,404.8127473051607
n_sr__112,275.88316063127013,219.26624900024822,343.82002821817315
n_sr__111,275.88316063127013,219.26624900024822,343.82002821817315
n_sr__110,311.526011403858,247.59445205076486,388.2400135857696
n_sr__109,515.450025352015,409.66905463677926,642.380788505076
n_sr__108,515.450025352015,409.66905463677926,642.380788505076
n_sr__107,254.278029986657,202.09493653317008,316.8945840885243
n_sr__106,268.1607055544356,213.1286008962613,334.1959006840555
n_sr__105,254.278029986657,202.09493653317008,316.8945840885243
n_sr__104,257.07808475635295,204.3203623436532,320.38415883359545
n_sr__103,268.1607055544356,213.1286008962613,334.1959006840555
n_sr__102,268.1607055544356,213.1286008962613,334.1959006840555
n_sr__101,268.1607055544356,213.1286008962613,334.1959006840555
n_sr__100,330.3832962147202,262.5818332934113,411.7409484777483
n_sr__99,330.3832962147202,262.5818332934113,411.7409484777483
n_sr__98,165.4533027327925,131.4988743492376,206.19656192213014
n_sr__97,182.39431984067718,144.96324552359724,227.30934374886283
n_sr__96,258.9722103952655,205.82577435585878,322.74471730019246
n_sr__95,321.13663819770045,255.23278011256207,400.2172794975142
n_sr__94,263.3018034920265,209.26684569871242,328.1404827296423
n_sr__93,263.3018034920265,209.26684569871242,328.1404827296423
n_sr__92,341.3593767819136,271.3053958667344,425.41991431858577
n_sr__91,341.3593767819136,271.3053958667344,425.41991431858577
n_sr__90,352.91977399279745,280.4933612633296,439.8270861306113
n_sr__89,409.2953782801437,325.2995294213423,510.0853136082871
n_sr__88,409.2953782801437,325.2995294213423,510.0853136082871
n_sr__87,267.530820408965,212.62798116712563,333.41090486193144
n_sr__86,267.530820408965,212.62798116712563,333.41090486193144
n_sr__85,281.25400377833245,223.5348844186999,350.5134539356145
n_sr__84,381.96640247811195,303.57902281478266,476.0265141878076
n_sr__83,352.91977399279745,280.4933612633296,439.8270861306113
n_sr__82,545.1145474056665,433.2458052590572,679.3502678536066
n_sr__81,545.1145474056665,433.2458052590572,679.3502678536066
n_sr__80,261.1047183525205,207.5206477206577,325.40236028340746
n_sr__79,210.0909351594163,166.9759444394962,261.8263147689397
n_sr__78,261.1047183525205,207.5206477206577,325.40236028340746
n_sr__77,261.1047183525205,207.5206477206577,325.40236028340746
n_sr__76,275.82253150742866,219.2180622224308,343.7444690320948
n_sr__75,409.2953782801437,325.2995294213423,510.0853136082871
n_sr__74,281.25400377833245,223.5348844186999,350.5134539356145
n_sr__73,213.48603459114221,169.67429948107986,266.057465302914
n_sr__72,359.7659621452905,285.93457047926074,448.35916397976683
n_sr__71,228.64419813638995,181.72169539568952,284.9483617459499
n_sr__70,263.7543865583332,209.62654939024264,328.7045154247607
n_sr__69,282.49503425800356,224.52122986127713,352.06009104664287
n_sr__68,325.8571696758079,258.98456122208614,406.10025279060653
n_sr__67,343.83869222047,273.27590466856464,428.5097669290012
n_sr__66,424.7736993554695,337.6013799411145,529.3752071150576
n_sr__65,317.0054786585529,251.94941967078006,395.0688123490538
n_sr__64,317.0054786585529,251.94941967078006,395.0688123490538
n_sr__63,317.0054786585529,251.94941967078006,395.0688123490538
n_sr__62,317.0054786585529,251.94941967078006,395.0688123490538
n_sr__61,288.7238296116629,229.4717480076618,359.8227416896182
n_sr__60,313.8890106099974,249.47251510881884,391.1849068220054
n_sr__59,153.24354150346755,121.79480781680824,190.98011869740424
n_sr__58,178.899648980107,142.18575316293868,222.9541020909627
n_sr__57,265.1575900389209,210.74178659090595,330.4532610139716
n_sr__56,265.1575900389209,210.74178659090595,330.4532610139716
n_sr__55,265.30947625109764,210.8625026213539,330.6425495578503
n_sr__54,292.2219032923176,232.25194485957766,364.1822241199338
n_sr__53,265.30947625109764,210.8625026213539,330.6425495578503
n_sr__52,265.30947625109764,210.8625026213539,330.6425495578503
n_sr__51,317.7852805247885,252.56919011918885,396.04064223182087
n_sr__50,317.7852805247885,252.56919011918885,396.04064223182087
n_sr__49,4.386324213702679,3.4861600651407674,5.466466715396815
n_sr__48,63.85802611213805,50.753042781333704,79.58321301522585
n_sr__47,87.30384073851388,69.38729293316369,108.80261382241272
n_sr__46,48.32895330686209,38.410855832795896,60.23007004740213
n_sr__45,91.23664182963441,72.51300216942485,113.70387629537952
n_sr__44,91.23664182963441,72.51300216942485,113.70387629537952
n_sr__43,75.85605400831639,60.288828025259825,94.53578308288549
n_sr__42,75.85605400831639,60.288828025259825,94.53578308288549
n_sr__41,81.2515520305513,64.57705863026185,101.25993499564139
n_sr__40,81.2515520305513,64.57705863026185,101.25993499564139
n_sr__39,81.2515520305513,64.57705863026185,101.25993499564139
n_sr__38,81.2515520305513,64.57705863026185,101.25993499564139
n_sr__37,69.13917813411805,54.9503935424674,86.16486096019948
n_sr__36,67.0213733639924,53.26720596770662,83.52554185801482
n_sr__35,68.698289044327,54.599983982411565,85.6154019104112
n_sr__34,77.53272901214595,61.621414755239876,96.62534319162977
n_sr__33,77.53272901214595,61.621414755239876,96.62534319162977
n_sr__32,85.79495133180215,68.18805873703208,106.92215690287237
n_sr__31,12.097029415314962,9.614469610513558,15.075950940291767
n_sr__30,91.1833908924068,72.47067942223389,113.6375121914656
n_sr__29,80.6240743522003,64.07835230636522,100.47793948499384
n_sr__28,83.04215656556359,66.00019420307679,103.49148004662172
n_sr__27,69.53948230979204,55.26854704940247,86.66374096672526
n_sr__26,69.53948230979204,55.26854704940247,86.66374096672526
n_sr__25,83.04215656556359,66.00019420307679,103.49148004662172
n_sr__24,83.04215656556359,66.00019420307679,103.49148004662172
n_sr__23,63.33448526442736,50.33694330787087,78.93074902060806
n_sr__22,49.84039877941986,39.61212153737108,62.11371246992607
n_sr__21,49.84039877941986,39.61212153737108,62.11371246992607
n_sr__20,57.99923856429017,46.09659921164828,72.2816854576319
n_sr__19,62.48936466519173,49.66525887695735,77.87751551548193
n_sr__18,79.98475539557683,63.570234778594326,99.68118675386039
n_sr__17,101.67653751203349,80.81041604925579,126.71462048108461
n_sr__16,927.1259623785438,736.8606030767896,1155.4328789673195
n_sr__15,282.6587501590656,224.6513478845934,352.26412236770693
n_sr__14,537.9047164637416,427.51558025023655,670.364999335482
n_sr__13,606.1245610882361,481.7353064704427,755.3841387790167
n_sr__12,606.1245610882361,481.7353064704427,755.3841387790167
n_sr__11,507.9315343147084,403.69351294688414,633.0108516278492
n_sr__10,547.6656761785548,435.2733898186507,682.5296179983404
n_sr__9,874.8966194794398,695.3497979989089,1090.3419393525323
n_sr__8,874.8966194794398,695.3497979989089,1090.3419393525323
n_sr__7,352.70102310782886,280.3195025692984,439.5544673333256
n_sr__6,934.4684965106246,742.6962978455957,1164.5835291436779
n_sr__5,601.8088400190152,478.3052603291192,750.0056613960332
n_sr__4,601.8088400190152,478.3052603291192,750.0056613960332
n_sr__3,601.8088400190152,478.3052603291192,750.0056613960332
n_sr__2,601.8088400190152,478.3052603291192,750.0056613960332
n_sr__1,482.3958554717908,383.39828179631377,601.186952698126
n_sr__0,496.22309849891883,394.38788951878513,618.419186361422
beta_1__10,-0.01402905823847545,-2.646167631192787,2.4749687902201045
beta_1__9,0.7897236519022153,-0.6348656448256209,2.413663520958259
beta_1__8,-0.7553217152006596,-5.034278557920295,3.5423208536345
beta_1__7,-2.6303416411251845,-5.358563600161011,-0.05082258863492346
beta_1__6,-70.54227833142669,-202.42649274154843,22.740967201062585
beta_1__5,1.8043410854691073,-1.5793180903457682,5.800058605292386
beta_1__4,-2.195839683334199,-7.455986281838187,2.8839007145279942
beta_1__3,0.07175527937917861,-2.5075049434037884,2.588439716906246
beta_1__2,68.58151920387635,-19.236508605246943,200.59307917878712
beta_1__1,1.0546076466727028,0.24351989322822207,1.8862528718227576
beta_1__0,-73.41077115788764,-210.8143342188079,23.898162625514953
beta_0__10,0.36851534321852863,-13.568276979999695,15.727782851637544
beta_0__9,-4.7379923908525985,-13.449962705576684,3.838381701096587
beta_0__8,2.883735941911459,-21.94876839154962,27.359597484688294
beta_0__7,17.274049823972568,1.2145085545161423,34.42157396017231
beta_0__6,-16.831823629277444,-210.0001821535286,164.5592392373191
beta_0__5,-11.623657652396123,-36.98167291427057,10.46175813926604
beta_0__4,14.62626679057318,-14.666859037209221,45.686701614884456
beta_0__3,0.477443375812586,-13.353327925881665,15.021905522351817
beta_0__2,14.422461258519691,-182.1276268958739,207.6905216334317
beta_0__1,-5.783983824752747,-10.59857238717164,-1.3138481022345985
beta_0__0,-32.56329581332869,-217.64180716785137,129.9856056841196
n_sc__5,347.06425210234283,295.6824512493614,396.04882622730895
n_sc__4,347.0656080186236,296.3251151899038,396.6720947146949
n_sc__3,347.07679142914867,295.7463660731936,395.88675082151104
n_sc__2,347.10490944600065,297.3230548255646,397.7037790083136
n_sc__1,347.08272896230113,297.3320880638724,397.58815732851417
n_sc__0,347.1178705211335,296.4762538536933,396.78152181530737
sigma_I_A__5,29886.043252562296,28730.60208316725,31038.462020124538
sigma_I_A__4,18806.398716934804,18089.19017803336,19588.672130362018
sigma_I_A__3,16402.20417388162,15702.656341576263,17075.258476812298
sigma_I_A__2,19038.66505039746,18298.35358929165,19785.931002446494
sigma_I_A__1,20860.099571019397,20042.073466150363,21746.874527011874
sigma_I_A__0,26905.606585040652,25887.761400714015,27947.99221772323
sigma_A__5,2.005415492234593,1.8245008792095831,2.2020497434079593
sigma_A__4,1.4225930715631168,1.2861547895280228,1.575213832724197
sigma_A__3,2.245388888147186,1.9430133463396708,2.618390140650497
sigma_A__2,1.936552069434658,1.734090356441881,2.152250532798463
sigma_A__1,1.8133662906046284,1.6242403289604392,2.02167749747309
sigma_A__0,1.7800650204520152,1.631188749065115,1.9383462952702575
avg_I_A__5,254271.47529356187,250271.290630691,258169.39169658613
avg_I_A__4,188993.07504013405,186290.01632391108,191772.83515773108
avg_I_A__3,203443.0728905825,199768.21673635516,206998.14118748705
avg_I_A__2,203439.02015659405,200509.92123115683,206470.22208265561
avg_I_A__1,208461.09791516128,205314.1358209587,211788.1466505656
avg_I_A__0,214435.90453212048,211217.4995492164,217754.3364079146
avg_A__5,5.702423768295185,5.43962901407815,5.970934759715817
avg_A__4,5.634987685805934,5.433352163909817,5.840953937867709
avg_A__3,5.166644054483831,4.723886152195619,5.580583739440799
avg_A__2,5.596134155288876,5.31375987219057,5.883259667191974
avg_A__1,5.0110420988219175,4.730303042373804,5.28178302032386
avg_A__0,5.047025876354814,4.834690990209546,5.253845665954429
alpha__5,4175.325952522869,3535.309124418363,4823.060046530269
alpha__4,3067.999019831671,2650.4133480405353,3572.9413497766504
alpha__3,3025.8547437035377,2553.3924528110742,3567.743338314621
alpha__2,3280.5289125111294,2804.014261151083,3817.814418492446
alpha__1,3007.995198687129,2560.370578951507,3499.0998552336314
alpha__0,3116.968810120334,2667.754111757362,3612.8691297203827
hyper_A_sigma,0.4166269624926883,0.1513544097249845,0.9484539311703838
hyper_A_mu,5.362037725029363,4.906179110929858,5.808552780164196
hyper_alpha_sigma,531.4518773817383,239.39495318993085,1029.3051840125972
hyper_alpha_mu,3279.02628461632,2613.1643645783984,3991.7968373157555
